State,Measures,Year,Values
Alabama,Licensed drivers,2019,4026151
Alaska,Licensed drivers,2019,529281
Arizona,Licensed drivers,2019,5369210
Arkansas,Licensed drivers,2019,2153929
California,Licensed drivers,2019,27213650
Colorado,Licensed drivers,2019,4235384
Connecticut,Licensed drivers,2019,2608061
Delaware,Licensed drivers,2019,812529
District of Columbia,Licensed drivers,2019,535579
Florida,Licensed drivers,2019,15560628
Georgia,Licensed drivers,2019,7261266
Hawaii,Licensed drivers,2019,943173
Idaho,Licensed drivers,2019,1252535
Illinois,Licensed drivers,2019,8546932
Indiana,Licensed drivers,2019,4589405
Iowa,Licensed drivers,2019,2274431
Kansas,Licensed drivers,2019,2154260
Kentucky,Licensed drivers,2019,3030329
Louisiana,Licensed drivers,2019,3435168
Maine,Licensed drivers,2019,1046129
Maryland,Licensed drivers,2019,4463862
Massachusetts,Licensed drivers,2019,4950056
Michigan,Licensed drivers,2019,7141494
Minnesota,Licensed drivers,2019,3391057
Mississippi,Licensed drivers,2019,2058036
Missouri,Licensed drivers,2019,4274389
Montana,Licensed drivers,2019,811851
Nebraska,Licensed drivers,2019,1430818
Nevada,Licensed drivers,2019,2054421
New Hampshire,Licensed drivers,2019,1195211
New Jersey,Licensed drivers,2019,6377413
New Mexico,Licensed drivers,2019,1449711
New York,Licensed drivers,2019,12194360
North Carolina,Licensed drivers,2019,7620001
North Dakota,Licensed drivers,2019,556064
Ohio,Licensed drivers,2019,8032792
Oklahoma,Licensed drivers,2019,2522670
Oregon,Licensed drivers,2019,2930701
Pennsylvania,Licensed drivers,2019,8987676
Rhode Island,Licensed drivers,2019,761046
South Carolina,Licensed drivers,2019,3877968
South Dakota,Licensed drivers,2019,638428
Tennessee,Licensed drivers,2019,5422429
Texas,Licensed drivers,2019,17822760
Utah,Licensed drivers,2019,2121099
Vermont,Licensed drivers,2019,564894
Virginia,Licensed drivers,2019,5888196
Washington,Licensed drivers,2019,5711136
West Virginia,Licensed drivers,2019,1130389.173
Wisconsin,Licensed drivers,2019,4296646
Wyoming,Licensed drivers,2019,424115
Alabama,Licensed drivers,2018,3999057
Alaska,Licensed drivers,2018,536033
Arizona,Licensed drivers,2018,5284970
Arkansas,Licensed drivers,2018,2145334
California,Licensed drivers,2018,27039400
Colorado,Licensed drivers,2018,4244713
Connecticut,Licensed drivers,2018,2605612
Delaware,Licensed drivers,2018,786504
District of Columbia,Licensed drivers,2018,527731
Florida,Licensed drivers,2018,15368695
Georgia,Licensed drivers,2018,7168733
Hawaii,Licensed drivers,2018,948417
Idaho,Licensed drivers,2018,1252535
Illinois,Licensed drivers,2018,8714788
Indiana,Licensed drivers,2018,4589405
Iowa,Licensed drivers,2018,2260271
Kansas,Licensed drivers,2018,2149430
Kentucky,Licensed drivers,2018,3032530
Louisiana,Licensed drivers,2018,3425435
Maine,Licensed drivers,2018,1040582
Maryland,Licensed drivers,2018,4407973
Massachusetts,Licensed drivers,2018,4935176
Michigan,Licensed drivers,2018,7153645
Minnesota,Licensed drivers,2018,3391057
Mississippi,Licensed drivers,2018,2058036
Missouri,Licensed drivers,2018,4272960
Montana,Licensed drivers,2018,806204
Nebraska,Licensed drivers,2018,1420317
Nevada,Licensed drivers,2018,1983453
New Hampshire,Licensed drivers,2018,1161665
New Jersey,Licensed drivers,2018,6342876
New Mexico,Licensed drivers,2018,1458433
New York,Licensed drivers,2018,12194360
North Carolina,Licensed drivers,2018,7509231
North Dakota,Licensed drivers,2018,561333
Ohio,Licensed drivers,2018,8032665
Oklahoma,Licensed drivers,2018,2504253
Oregon,Licensed drivers,2018,2930702
Pennsylvania,Licensed drivers,2018,8991370
Rhode Island,Licensed drivers,2018,756966
South Carolina,Licensed drivers,2018,3846069
South Dakota,Licensed drivers,2018,638428
Tennessee,Licensed drivers,2018,5422429
Texas,Licensed drivers,2018,17370383
Utah,Licensed drivers,2018,2030644
Vermont,Licensed drivers,2018,564892
Virginia,Licensed drivers,2018,5929031
Washington,Licensed drivers,2018,5909967
West Virginia,Licensed drivers,2018,1136775
Wisconsin,Licensed drivers,2018,4288171
Wyoming,Licensed drivers,2018,419256
Alabama,Licensed drivers,2017,3954378
Alaska,Licensed drivers,2017,534585
Arizona,Licensed drivers,2017,5164966
Arkansas,Licensed drivers,2017,2417464
California,Licensed drivers,2017,26777132
Colorado,Licensed drivers,2017,4156138
Connecticut,Licensed drivers,2017,2586994
Delaware,Licensed drivers,2017,770512
District of Columbia,Licensed drivers,2017,521056
Florida,Licensed drivers,2017,15076358
Georgia,Licensed drivers,2017,7060344
Hawaii,Licensed drivers,2017,951008
Idaho,Licensed drivers,2017,1190367
Illinois,Licensed drivers,2017,8529404
Indiana,Licensed drivers,2017,4553584
Iowa,Licensed drivers,2017,2246829
Kansas,Licensed drivers,2017,2029869
Kentucky,Licensed drivers,2017,3019008
Louisiana,Licensed drivers,2017,3425656
Maine,Licensed drivers,2017,1032703
Maryland,Licensed drivers,2017,4329503
Massachusetts,Licensed drivers,2017,4935176
Michigan,Licensed drivers,2017,7095778
Minnesota,Licensed drivers,2017,3394815
Mississippi,Licensed drivers,2017,2053924
Missouri,Licensed drivers,2017,4274784
Montana,Licensed drivers,2017,807259
Nebraska,Licensed drivers,2017,1404479
Nevada,Licensed drivers,2017,1918305
New Hampshire,Licensed drivers,2017,1103624
New Jersey,Licensed drivers,2017,6301363
New Mexico,Licensed drivers,2017,1473262
New York,Licensed drivers,2017,12185313
North Carolina,Licensed drivers,2017,7389467
North Dakota,Licensed drivers,2017,561667
Ohio,Licensed drivers,2017,8011705
Oklahoma,Licensed drivers,2017,2505989
Oregon,Licensed drivers,2017,2910592
Pennsylvania,Licensed drivers,2017,8964855
Rhode Island,Licensed drivers,2017,753202
South Carolina,Licensed drivers,2017,3810962
South Dakota,Licensed drivers,2017,628506
Tennessee,Licensed drivers,2017,5377653
Texas,Licensed drivers,2017,17099340
Utah,Licensed drivers,2017,1995377
Vermont,Licensed drivers,2017,560247
Virginia,Licensed drivers,2017,5926430
Washington,Licensed drivers,2017,5768281
West Virginia,Licensed drivers,2017,1148786
Wisconsin,Licensed drivers,2017,4234793
Wyoming,Licensed drivers,2017,422465
Alabama,Licensed drivers,2016,3943082
Alaska,Licensed drivers,2016,534585
Arizona,Licensed drivers,2016,5082305
Arkansas,Licensed drivers,2016,2391103
California,Licensed drivers,2016,26199436
Colorado,Licensed drivers,2016,4066580
Connecticut,Licensed drivers,2016,2611007
Delaware,Licensed drivers,2016,756328
District of Columbia,Licensed drivers,2016,489831
Florida,Licensed drivers,2016,14675160
Georgia,Licensed drivers,2016,6975900
Hawaii,Licensed drivers,2016,931703
Idaho,Licensed drivers,2016,1160922
Illinois,Licensed drivers,2016,8514644
Indiana,Licensed drivers,2016,4553259
Iowa,Licensed drivers,2016,2245640
Kansas,Licensed drivers,2016,2030025
Kentucky,Licensed drivers,2016,3031447
Louisiana,Licensed drivers,2016,3395095
Maine,Licensed drivers,2016,1021332
Maryland,Licensed drivers,2016,4264875
Massachusetts,Licensed drivers,2016,5040662
Michigan,Licensed drivers,2016,7074674
Minnesota,Licensed drivers,2016,3377910
Mississippi,Licensed drivers,2016,2018862
Missouri,Licensed drivers,2016,4249579
Montana,Licensed drivers,2016,797145
Nebraska,Licensed drivers,2016,1404479
Nevada,Licensed drivers,2016,1872376
New Hampshire,Licensed drivers,2016,1096234
New Jersey,Licensed drivers,2016,6238436
New Mexico,Licensed drivers,2016,1521785
New York,Licensed drivers,2016,11947568
North Carolina,Licensed drivers,2016,7267042
North Dakota,Licensed drivers,2016,555935
Ohio,Licensed drivers,2016,7974951
Oklahoma,Licensed drivers,2016,2498178
Oregon,Licensed drivers,2016,2855746
Pennsylvania,Licensed drivers,2016,8996815
Rhode Island,Licensed drivers,2016,753143
South Carolina,Licensed drivers,2016,3746681
South Dakota,Licensed drivers,2016,622663
Tennessee,Licensed drivers,2016,5197904
Texas,Licensed drivers,2016,15879876
Utah,Licensed drivers,2016,1960366
Vermont,Licensed drivers,2016,553670
Virginia,Licensed drivers,2016,5912048
Washington,Licensed drivers,2016,5635715
West Virginia,Licensed drivers,2016,1159348
Wisconsin,Licensed drivers,2016,4206770
Wyoming,Licensed drivers,2016,421098
Alabama,Licensed drivers,2015,3907038
Alaska,Licensed drivers,2015,533227
Arizona,Licensed drivers,2015,4978762
Arkansas,Licensed drivers,2015,2119578
California,Licensed drivers,2015,25532920
Colorado,Licensed drivers,2015,3974521
Connecticut,Licensed drivers,2015,2566673
Delaware,Licensed drivers,2015,742524
District of Columbia,Licensed drivers,2015,455602
Florida,Licensed drivers,2015,14262715
Georgia,Licensed drivers,2015,6906191
Hawaii,Licensed drivers,2015,909797
Idaho,Licensed drivers,2015,1135009
Illinois,Licensed drivers,2015,8462193
Indiana,Licensed drivers,2015,4467848
Iowa,Licensed drivers,2015,2224130
Kansas,Licensed drivers,2015,2028657
Kentucky,Licensed drivers,2015,3021266
Louisiana,Licensed drivers,2015,3357091
Maine,Licensed drivers,2015,1019879
Maryland,Licensed drivers,2015,4185752
Massachusetts,Licensed drivers,2015,5040662
Michigan,Licensed drivers,2015,7104484
Minnesota,Licensed drivers,2015,3351430
Mississippi,Licensed drivers,2015,1988396
Missouri,Licensed drivers,2015,4213302
Montana,Licensed drivers,2015,781427
Nebraska,Licensed drivers,2015,1394301
Nevada,Licensed drivers,2015,1835511
New Hampshire,Licensed drivers,2015,1074766
New Jersey,Licensed drivers,2015,6179318
New Mexico,Licensed drivers,2015,1467782
New York,Licensed drivers,2015,11689839
North Carolina,Licensed drivers,2015,7160621
North Dakota,Licensed drivers,2015,545027
Ohio,Licensed drivers,2015,7923439
Oklahoma,Licensed drivers,2015,2621733
Oregon,Licensed drivers,2015,2808548
Pennsylvania,Licensed drivers,2015,8942967
Rhode Island,Licensed drivers,2015,745470
South Carolina,Licensed drivers,2015,3683824
South Dakota,Licensed drivers,2015,655707
Tennessee,Licensed drivers,2015,4621401
Texas,Licensed drivers,2015,15879876
Utah,Licensed drivers,2015,1913564
Vermont,Licensed drivers,2015,548799
Virginia,Licensed drivers,2015,5820209
Washington,Licensed drivers,2015,5516134
West Virginia,Licensed drivers,2015,1167346.264
Wisconsin,Licensed drivers,2015,4194759
Wyoming,Licensed drivers,2015,422450
Alabama,Licensed drivers,2014,3881542
Alaska,Licensed drivers,2014,531744
Arizona,Licensed drivers,2014,4881801
Arkansas,Licensed drivers,2014,2111873
California,Licensed drivers,2014,24813346
Colorado,Licensed drivers,2014,3883362
Connecticut,Licensed drivers,2014,2542588
Delaware,Licensed drivers,2014,732349
District of Columbia,Licensed drivers,2014,419896
Florida,Licensed drivers,2014,13898347
Georgia,Licensed drivers,2014,6650434
Hawaii,Licensed drivers,2014,902639
Idaho,Licensed drivers,2014,1128497
Illinois,Licensed drivers,2014,8373565
Indiana,Licensed drivers,2014,4448099
Iowa,Licensed drivers,2014,2227950
Kansas,Licensed drivers,2014,2021271
Kentucky,Licensed drivers,2014,3004919
Louisiana,Licensed drivers,2014,3312630
Maine,Licensed drivers,2014,1018918
Maryland,Licensed drivers,2014,4142997
Massachusetts,Licensed drivers,2014,4765586
Michigan,Licensed drivers,2014,7046433
Minnesota,Licensed drivers,2014,3357468
Mississippi,Licensed drivers,2014,1977679
Missouri,Licensed drivers,2014,4295224
Montana,Licensed drivers,2014,768703
Nebraska,Licensed drivers,2014,1383693
Nevada,Licensed drivers,2014,1796443
New Hampshire,Licensed drivers,2014,1071963
New Jersey,Licensed drivers,2014,6152634
New Mexico,Licensed drivers,2014,1444857
New York,Licensed drivers,2014,11318198
North Carolina,Licensed drivers,2014,7025333
North Dakota,Licensed drivers,2014,527541
Ohio,Licensed drivers,2014,7915907
Oklahoma,Licensed drivers,2014,2451972
Oregon,Licensed drivers,2014,2785446
Pennsylvania,Licensed drivers,2014,8915641
Rhode Island,Licensed drivers,2014,748337
South Carolina,Licensed drivers,2014,3617535
South Dakota,Licensed drivers,2014,609908
Tennessee,Licensed drivers,2014,4613166
Texas,Licensed drivers,2014,15648733
Utah,Licensed drivers,2014,1425703
Vermont,Licensed drivers,2014,545312
Virginia,Licensed drivers,2014,5769063
Washington,Licensed drivers,2014,5401139
West Virginia,Licensed drivers,2014,1171906.746
Wisconsin,Licensed drivers,2014,4188194
Wyoming,Licensed drivers,2014,423987
Alabama,Licensed drivers,2013,3859403
Alaska,Licensed drivers,2013,528873
Arizona,Licensed drivers,2013,4791450
Arkansas,Licensed drivers,2013,2097201
California,Licensed drivers,2013,24390236
Colorado,Licensed drivers,2013,3837488
Connecticut,Licensed drivers,2013,2534090
Delaware,Licensed drivers,2013,723657
District of Columbia,Licensed drivers,2013,405555
Florida,Licensed drivers,2013,13670441
Georgia,Licensed drivers,2013,6607016
Hawaii,Licensed drivers,2013,915033
Idaho,Licensed drivers,2013,1111485
Illinois,Licensed drivers,2013,8261582
Indiana,Licensed drivers,2013,4500403
Iowa,Licensed drivers,2013,2143665
Kansas,Licensed drivers,2013,2017759
Kentucky,Licensed drivers,2013,3019283
Louisiana,Licensed drivers,2013,3278143
Maine,Licensed drivers,2013,1011385
Maryland,Licensed drivers,2013,4140105
Massachusetts,Licensed drivers,2013,4765586
Michigan,Licensed drivers,2013,6986587
Minnesota,Licensed drivers,2013,3330725
Mississippi,Licensed drivers,2013,1968907
Missouri,Licensed drivers,2013,4280438
Montana,Licensed drivers,2013,766716
Nebraska,Licensed drivers,2013,1374529
Nevada,Licensed drivers,2013,1756095
New Hampshire,Licensed drivers,2013,1061433
New Jersey,Licensed drivers,2013,6081386
New Mexico,Licensed drivers,2013,1456500
New York,Licensed drivers,2013,11210783
North Carolina,Licensed drivers,2013,6822902
North Dakota,Licensed drivers,2013,513838
Ohio,Licensed drivers,2013,8030421
Oklahoma,Licensed drivers,2013,2418307
Oregon,Licensed drivers,2013,2773373
Pennsylvania,Licensed drivers,2013,8896590
Rhode Island,Licensed drivers,2013,749232
South Carolina,Licensed drivers,2013,3536404
South Dakota,Licensed drivers,2013,603643
Tennessee,Licensed drivers,2013,4605100
Texas,Licensed drivers,2013,15447273
Utah,Licensed drivers,2013,1661219
Vermont,Licensed drivers,2013,543057
Virginia,Licensed drivers,2013,5602765
Washington,Licensed drivers,2013,5301630
West Virginia,Licensed drivers,2013,1177136
Wisconsin,Licensed drivers,2013,4171427
Wyoming,Licensed drivers,2013,421473
Alabama,Licensed drivers,2012,3827522
Alaska,Licensed drivers,2012,526371
Arizona,Licensed drivers,2012,4697579
Arkansas,Licensed drivers,2012,2199164
California,Licensed drivers,2012,24200997
Colorado,Licensed drivers,2012,3807673
Connecticut,Licensed drivers,2012,2485708
Delaware,Licensed drivers,2012,720290
District of Columbia,Licensed drivers,2012,400993
Florida,Licensed drivers,2012,13896581
Georgia,Licensed drivers,2012,6581534
Hawaii,Licensed drivers,2012,915033
Idaho,Licensed drivers,2012,1092977
Illinois,Licensed drivers,2012,8235745
Indiana,Licensed drivers,2012,5375973
Iowa,Licensed drivers,2012,2217304
Kansas,Licensed drivers,2012,2018029
Kentucky,Licensed drivers,2012,2985234
Louisiana,Licensed drivers,2012,2923744
Maine,Licensed drivers,2012,1008190
Maryland,Licensed drivers,2012,4102154
Massachusetts,Licensed drivers,2012,4733936
Michigan,Licensed drivers,2012,7018713
Minnesota,Licensed drivers,2012,3321760
Mississippi,Licensed drivers,2012,1957980
Missouri,Licensed drivers,2012,4288488
Montana,Licensed drivers,2012,757812
Nebraska,Licensed drivers,2012,1363596
Nevada,Licensed drivers,2012,1728060
New Hampshire,Licensed drivers,2012,1064604
New Jersey,Licensed drivers,2012,6039623
New Mexico,Licensed drivers,2012,1430475
New York,Licensed drivers,2012,11248617
North Carolina,Licensed drivers,2012,6677693
North Dakota,Licensed drivers,2012,502807
Ohio,Licensed drivers,2012,8006183
Oklahoma,Licensed drivers,2012,2400358
Oregon,Licensed drivers,2012,2769757
Pennsylvania,Licensed drivers,2012,8842587
Rhode Island,Licensed drivers,2012,749706
South Carolina,Licensed drivers,2012,3455931
South Dakota,Licensed drivers,2012,606779
Tennessee,Licensed drivers,2012,4573871
Texas,Licensed drivers,2012,15252192
Utah,Licensed drivers,2012,1788822
Vermont,Licensed drivers,2012,529501
Virginia,Licensed drivers,2012,5538480
Washington,Licensed drivers,2012,5227889
West Virginia,Licensed drivers,2012,1241586
Wisconsin,Licensed drivers,2012,4056649
Wyoming,Licensed drivers,2012,421580
Alabama,Licensed drivers,2011,3798552
Alaska,Licensed drivers,2011,521280
Arizona,Licensed drivers,2011,4592398
Arkansas,Licensed drivers,2011,1956091
California,Licensed drivers,2011,23856600
Colorado,Licensed drivers,2011,3669816
Connecticut,Licensed drivers,2011,2986267
Delaware,Licensed drivers,2011,716109
District of Columbia,Licensed drivers,2011,395442
Florida,Licensed drivers,2011,13882423
Georgia,Licensed drivers,2011,6505690
Hawaii,Licensed drivers,2011,911660
Idaho,Licensed drivers,2011,1083992
Illinois,Licensed drivers,2011,8373969
Indiana,Licensed drivers,2011,6569665
Iowa,Licensed drivers,2011,2191715
Kansas,Licensed drivers,2011,2025581
Kentucky,Licensed drivers,2011,2959881
Louisiana,Licensed drivers,2011,3186227
Maine,Licensed drivers,2011,1014826
Maryland,Licensed drivers,2011,3856604
Massachusetts,Licensed drivers,2011,4683322.97
Michigan,Licensed drivers,2011,7059509
Minnesota,Licensed drivers,2011,3306139
Mississippi,Licensed drivers,2011,1926603
Missouri,Licensed drivers,2011,4277037
Montana,Licensed drivers,2011,752483
Nebraska,Licensed drivers,2011,1356377
Nevada,Licensed drivers,2011,1700829
New Hampshire,Licensed drivers,2011,1056889
New Jersey,Licensed drivers,2011,5977458
New Mexico,Licensed drivers,2011,1418641
New York,Licensed drivers,2011,11210783
North Carolina,Licensed drivers,2011,6569341
North Dakota,Licensed drivers,2011,490146
Ohio,Licensed drivers,2011,7982149
Oklahoma,Licensed drivers,2011,2370643
Oregon,Licensed drivers,2011,2773956
Pennsylvania,Licensed drivers,2011,8796774
Rhode Island,Licensed drivers,2011,749706
South Carolina,Licensed drivers,2011,3408318
South Dakota,Licensed drivers,2011,603258
Tennessee,Licensed drivers,2011,4543759
Texas,Licensed drivers,2011,15122518
Utah,Licensed drivers,2011,1747487
Vermont,Licensed drivers,2011,521666
Virginia,Licensed drivers,2011,5467045
Washington,Licensed drivers,2011,5178789
West Virginia,Licensed drivers,2011,1198837.194
Wisconsin,Licensed drivers,2011,4147470
Wyoming,Licensed drivers,2011,421928
Alabama,Licensed drivers,2010,3805751
Alaska,Licensed drivers,2010,515239
Arizona,Licensed drivers,2010,4443647
Arkansas,Licensed drivers,2010,2077806
California,Licensed drivers,2010,23753441
Colorado,Licensed drivers,2010,3779273
Connecticut,Licensed drivers,2010,2934576
Delaware,Licensed drivers,2010,695036
District of Columbia,Licensed drivers,2010,384940
Florida,Licensed drivers,2010,13949726
Georgia,Licensed drivers,2010,6507888
Hawaii,Licensed drivers,2010,909407
Idaho,Licensed drivers,2010,1069542
Illinois,Licensed drivers,2010,8373969
Indiana,Licensed drivers,2010,5550469
Iowa,Licensed drivers,2010,2166759
Kansas,Licensed drivers,2010,2033092
Kentucky,Licensed drivers,2010,2950191
Louisiana,Licensed drivers,2010,3133631
Maine,Licensed drivers,2010,1019738
Maryland,Licensed drivers,2010,3918305
Massachusetts,Licensed drivers,2010,4592500
Michigan,Licensed drivers,2010,7083107
Minnesota,Licensed drivers,2010,3281463
Mississippi,Licensed drivers,2010,1928487
Missouri,Licensed drivers,2010,4246249
Montana,Licensed drivers,2010,743611
Nebraska,Licensed drivers,2010,1351516
Nevada,Licensed drivers,2010,1691318
New Hampshire,Licensed drivers,2010,1037083
New Jersey,Licensed drivers,2010,5952583
New Mexico,Licensed drivers,2010,1405926
New York,Licensed drivers,2010,11285830
North Carolina,Licensed drivers,2010,6536601
North Dakota,Licensed drivers,2010,483097
Ohio,Licensed drivers,2010,7963372
Oklahoma,Licensed drivers,2010,2348718
Oregon,Licensed drivers,2010,2769734
Pennsylvania,Licensed drivers,2010,8737162
Rhode Island,Licensed drivers,2010,747875
South Carolina,Licensed drivers,2010,3337247
South Dakota,Licensed drivers,2010,602275
Tennessee,Licensed drivers,2010,4418210
Texas,Licensed drivers,2010,15157650
Utah,Licensed drivers,2010,1659835.25
Vermont,Licensed drivers,2010,513481
Virginia,Licensed drivers,2010,5402347
Washington,Licensed drivers,2010,5106367
West Virginia,Licensed drivers,2010,1206026
Wisconsin,Licensed drivers,2010,4133377
Wyoming,Licensed drivers,2010,419466
Alabama,Licensed drivers,2009,3782284
Alaska,Licensed drivers,2009,507759
Arizona,Licensed drivers,2009,4403390
Arkansas,Licensed drivers,2009,2065065
California,Licensed drivers,2009,23680643
Colorado,Licensed drivers,2009,3704561
Connecticut,Licensed drivers,2009,2916143
Delaware,Licensed drivers,2009,699745
District of Columbia,Licensed drivers,2009,376086
Florida,Licensed drivers,2009,14005066
Georgia,Licensed drivers,2009,6315035
Hawaii,Licensed drivers,2009,889918
Idaho,Licensed drivers,2009,1055269
Illinois,Licensed drivers,2009,8301118
Indiana,Licensed drivers,2009,5550469
Iowa,Licensed drivers,2009,2145333
Kansas,Licensed drivers,2009,2045426
Kentucky,Licensed drivers,2009,2939423
Louisiana,Licensed drivers,2009,3086004
Maine,Licensed drivers,2009,1013533
Maryland,Licensed drivers,2009,3904685
Massachusetts,Licensed drivers,2009,4629636
Michigan,Licensed drivers,2009,7082820
Minnesota,Licensed drivers,2009,3245441
Mississippi,Licensed drivers,2009,1930603
Missouri,Licensed drivers,2009,4217910
Montana,Licensed drivers,2009,737964
Nebraska,Licensed drivers,2009,1349295
Nevada,Licensed drivers,2009,1690431
New Hampshire,Licensed drivers,2009,1034329
New Jersey,Licensed drivers,2009,5923538
New Mexico,Licensed drivers,2009,1377983
New York,Licensed drivers,2009,11329488
North Carolina,Licensed drivers,2009,6504269
North Dakota,Licensed drivers,2009,476561
Ohio,Licensed drivers,2009,7937498
Oklahoma,Licensed drivers,2009,2320985
Oregon,Licensed drivers,2009,2841972
Pennsylvania,Licensed drivers,2009,8687206
Rhode Island,Licensed drivers,2009,746032
South Carolina,Licensed drivers,2009,3268498
South Dakota,Licensed drivers,2009,602165
Tennessee,Licensed drivers,2009,4476539
Texas,Licensed drivers,2009,15374063
Utah,Licensed drivers,2009,1720015
Vermont,Licensed drivers,2009,506977
Virginia,Licensed drivers,2009,5347745
Washington,Licensed drivers,2009,5026521
West Virginia,Licensed drivers,2009,1328992
Wisconsin,Licensed drivers,2009,4105142
Wyoming,Licensed drivers,2009,410813
Alabama,Licensed drivers,2008,3753550
Alaska,Licensed drivers,2008,503162
Arizona,Licensed drivers,2008,4315579
Arkansas,Licensed drivers,2008,2055189
California,Licensed drivers,2008,23697667
Colorado,Licensed drivers,2008,3605682
Connecticut,Licensed drivers,2008,2883324
Delaware,Licensed drivers,2008,651877
District of Columbia,Licensed drivers,2008,373735
Florida,Licensed drivers,2008,14033844
Georgia,Licensed drivers,2008,6257484
Hawaii,Licensed drivers,2008,884767
Idaho,Licensed drivers,2008,1038314
Illinois,Licensed drivers,2008,8260940
Indiana,Licensed drivers,2008,5550469
Iowa,Licensed drivers,2008,1989663
Kansas,Licensed drivers,2008,2021905
Kentucky,Licensed drivers,2008,2932659
Louisiana,Licensed drivers,2008,2998162
Maine,Licensed drivers,2008,1006057
Maryland,Licensed drivers,2008,3786650
Massachusetts,Licensed drivers,2008,4674058
Michigan,Licensed drivers,2008,7118378
Minnesota,Licensed drivers,2008,3190183
Mississippi,Licensed drivers,2008,1935764
Missouri,Licensed drivers,2008,4196682
Montana,Licensed drivers,2008,738982
Nebraska,Licensed drivers,2008,1346406
Nevada,Licensed drivers,2008,1678550
New Hampshire,Licensed drivers,2008,1031158
New Jersey,Licensed drivers,2008,5782155
New Mexico,Licensed drivers,2008,1365249
New York,Licensed drivers,2008,11284545
North Carolina,Licensed drivers,2008,6457000
North Dakota,Licensed drivers,2008,473019
Ohio,Licensed drivers,2008,7962266
Oklahoma,Licensed drivers,2008,2301848
Oregon,Licensed drivers,2008,2856085
Pennsylvania,Licensed drivers,2008,8646273
Rhode Island,Licensed drivers,2008,748351
South Carolina,Licensed drivers,2008,3185408
South Dakota,Licensed drivers,2008,597326
Tennessee,Licensed drivers,2008,4450644
Texas,Licensed drivers,2008,15374063
Utah,Licensed drivers,2008,1687306
Vermont,Licensed drivers,2008,541990
Virginia,Licensed drivers,2008,5301182
Washington,Licensed drivers,2008,4953872
West Virginia,Licensed drivers,2008,1360926
Wisconsin,Licensed drivers,2008,4075764
Wyoming,Licensed drivers,2008,404489
Alabama,Licensed drivers,2007,3691762
Alaska,Licensed drivers,2007,495249
Arizona,Licensed drivers,2007,4153739
Arkansas,Licensed drivers,2007,2046039
California,Licensed drivers,2007,23467452
Colorado,Licensed drivers,2007,3502709
Connecticut,Licensed drivers,2007,2848602
Delaware,Licensed drivers,2007,624472
District of Columbia,Licensed drivers,2007,396193
Florida,Licensed drivers,2007,14138846
Georgia,Licensed drivers,2007,6134298
Hawaii,Licensed drivers,2007,862903
Idaho,Licensed drivers,2007,1027502
Illinois,Licensed drivers,2007,8190023
Indiana,Licensed drivers,2007,4308845
Iowa,Licensed drivers,2007,2093649
Kansas,Licensed drivers,2007,2018219
Kentucky,Licensed drivers,2007,2933266
Louisiana,Licensed drivers,2007,3033966
Maine,Licensed drivers,2007,1009780
Maryland,Licensed drivers,2007,3737847
Massachusetts,Licensed drivers,2007,4699301
Michigan,Licensed drivers,2007,7058955
Minnesota,Licensed drivers,2007,3149109
Mississippi,Licensed drivers,2007,1926969
Missouri,Licensed drivers,2007,4161957
Montana,Licensed drivers,2007,735753
Nebraska,Licensed drivers,2007,1330698
Nevada,Licensed drivers,2007,1661588
New Hampshire,Licensed drivers,2007,1026546
New Jersey,Licensed drivers,2007,5782155
New Mexico,Licensed drivers,2007,1365249
New York,Licensed drivers,2007,11369280
North Carolina,Licensed drivers,2007,6383542
North Dakota,Licensed drivers,2007,470731
Ohio,Licensed drivers,2007,7975774
Oklahoma,Licensed drivers,2007,2283178
Oregon,Licensed drivers,2007,2827188
Pennsylvania,Licensed drivers,2007,8600691
Rhode Island,Licensed drivers,2007,743793
South Carolina,Licensed drivers,2007,3126890
South Dakota,Licensed drivers,2007,588546
Tennessee,Licensed drivers,2007,4425881
Texas,Licensed drivers,2007,15184123
Utah,Licensed drivers,2007,1651790
Vermont,Licensed drivers,2007,534495
Virginia,Licensed drivers,2007,5259512
Washington,Licensed drivers,2007,4879705
West Virginia,Licensed drivers,2007,1358529
Wisconsin,Licensed drivers,2007,4066273
Wyoming,Licensed drivers,2007,398283
Alabama,Licensed drivers,2006,3665180
Alaska,Licensed drivers,2006,489024
Arizona,Licensed drivers,2006,4032643
Arkansas,Licensed drivers,2006,2034975
California,Licensed drivers,2006,23021279
Colorado,Licensed drivers,2006,3341275
Connecticut,Licensed drivers,2006,2805124
Delaware,Licensed drivers,2006,619877
District of Columbia,Licensed drivers,2006,357569
Florida,Licensed drivers,2006,13988630
Georgia,Licensed drivers,2006,5906834
Hawaii,Licensed drivers,2006,867375
Idaho,Licensed drivers,2006,1008016
Illinois,Licensed drivers,2006,8071253
Indiana,Licensed drivers,2006,4246189
Iowa,Licensed drivers,2006,2040873
Kansas,Licensed drivers,2006,2003112
Kentucky,Licensed drivers,2006,2896460
Louisiana,Licensed drivers,2006,3014191
Maine,Licensed drivers,2006,1005160
Maryland,Licensed drivers,2006,3694290
Massachusetts,Licensed drivers,2006,4711735
Michigan,Licensed drivers,2006,7112992
Minnesota,Licensed drivers,2006,3086610
Mississippi,Licensed drivers,2006,1929636
Missouri,Licensed drivers,2006,4139632
Montana,Licensed drivers,2006,723976
Nebraska,Licensed drivers,2006,1327916
Nevada,Licensed drivers,2006,1626021
New Hampshire,Licensed drivers,2006,1027582
New Jersey,Licensed drivers,2006,5834227
New Mexico,Licensed drivers,2006,1338246
New York,Licensed drivers,2006,11146367
North Carolina,Licensed drivers,2006,6315667
North Dakota,Licensed drivers,2006,468711
Ohio,Licensed drivers,2006,7739410
Oklahoma,Licensed drivers,2006,2264151
Oregon,Licensed drivers,2006,2767291
Pennsylvania,Licensed drivers,2006,8526204
Rhode Island,Licensed drivers,2006,741921
South Carolina,Licensed drivers,2006,3067747
South Dakota,Licensed drivers,2006,582517
Tennessee,Licensed drivers,2006,4387883
Texas,Licensed drivers,2006,14906701
Utah,Licensed drivers,2006,1619085
Vermont,Licensed drivers,2006,532041
Virginia,Licensed drivers,2006,5210685
Washington,Licensed drivers,2006,4790864
West Virginia,Licensed drivers,2006,1335303
Wisconsin,Licensed drivers,2006,4049450
Wyoming,Licensed drivers,2006,390538
Alabama,Licensed drivers,2005,3637414
Alaska,Licensed drivers,2005,486582
Arizona,Licensed drivers,2005,3943180
Arkansas,Licensed drivers,2005,2024466
California,Licensed drivers,2005,22895965
Colorado,Licensed drivers,2005,3341275
Connecticut,Licensed drivers,2005,2740270
Delaware,Licensed drivers,2005,610406
District of Columbia,Licensed drivers,2005,330363
Florida,Licensed drivers,2005,13373700
Georgia,Licensed drivers,2005,5939513
Hawaii,Licensed drivers,2005,856163
Idaho,Licensed drivers,2005,978450
Illinois,Licensed drivers,2005,7870872
Indiana,Licensed drivers,2005,4246189
Iowa,Licensed drivers,2005,2033417
Kansas,Licensed drivers,2005,1974238
Kentucky,Licensed drivers,2005,2860729
Louisiana,Licensed drivers,2005,3083516
Maine,Licensed drivers,2005,1003972
Maryland,Licensed drivers,2005,3709594
Massachusetts,Licensed drivers,2005,4612829
Michigan,Licensed drivers,2005,7105272
Minnesota,Licensed drivers,2005,3083757
Mississippi,Licensed drivers,2005,1965464
Missouri,Licensed drivers,2005,4135394
Montana,Licensed drivers,2005,715512
Nebraska,Licensed drivers,2005,1320617
Nevada,Licensed drivers,2005,1596353
New Hampshire,Licensed drivers,2005,998214
New Jersey,Licensed drivers,2005,5870720
New Mexico,Licensed drivers,2005,1304721
New York,Licensed drivers,2005,11071911
North Carolina,Licensed drivers,2005,6227817
North Dakota,Licensed drivers,2005,466701
Ohio,Licensed drivers,2005,7707842
Oklahoma,Licensed drivers,2005,2234114
Oregon,Licensed drivers,2005,2692948
Pennsylvania,Licensed drivers,2005,8460530
Rhode Island,Licensed drivers,2005,746465
South Carolina,Licensed drivers,2005,2987593
South Dakota,Licensed drivers,2005,566255
Tennessee,Licensed drivers,2005,4351868
Texas,Licensed drivers,2005,14659390
Utah,Licensed drivers,2005,1599514
Vermont,Licensed drivers,2005,563162
Virginia,Licensed drivers,2005,5178156
Washington,Licensed drivers,2005,4681927
West Virginia,Licensed drivers,2005,1327569
Wisconsin,Licensed drivers,2005,3993348
Wyoming,Licensed drivers,2005,382735
Alabama,Licensed drivers,2004,3613138
Alaska,Licensed drivers,2004,482532
Arizona,Licensed drivers,2004,3783927
Arkansas,Licensed drivers,2004,1862430
California,Licensed drivers,2004,22761088
Colorado,Licensed drivers,2004,3205054
Connecticut,Licensed drivers,2004,2694574
Delaware,Licensed drivers,2004,533943
District of Columbia,Licensed drivers,2004,349122
Florida,Licensed drivers,2004,13146357
Georgia,Licensed drivers,2004,5793143
Hawaii,Licensed drivers,2004,843876
Idaho,Licensed drivers,2004,942983
Illinois,Licensed drivers,2004,8057683
Indiana,Licensed drivers,2004,4521329
Iowa,Licensed drivers,2004,2003723
Kansas,Licensed drivers,2004,1979746
Kentucky,Licensed drivers,2004,2823454
Louisiana,Licensed drivers,2004,3169627
Maine,Licensed drivers,2004,984829
Maryland,Licensed drivers,2004,3594251
Massachusetts,Licensed drivers,2004,4645857
Michigan,Licensed drivers,2004,7103404
Minnesota,Licensed drivers,2004,3083007
Mississippi,Licensed drivers,2004,1896008
Missouri,Licensed drivers,2004,4047652
Montana,Licensed drivers,2004,712880
Nebraska,Licensed drivers,2004,1315819
Nevada,Licensed drivers,2004,1548097
New Hampshire,Licensed drivers,2004,985775
New Jersey,Licensed drivers,2004,5799532
New Mexico,Licensed drivers,2004,1271365
New York,Licensed drivers,2004,11246675
North Carolina,Licensed drivers,2004,6122137
North Dakota,Licensed drivers,2004,461780
Ohio,Licensed drivers,2004,7675007
Oklahoma,Licensed drivers,2004,2369621
Oregon,Licensed drivers,2004,2625856
Pennsylvania,Licensed drivers,2004,8430142
Rhode Island,Licensed drivers,2004,741841
South Carolina,Licensed drivers,2004,2972369
South Dakota,Licensed drivers,2004,563298
Tennessee,Licensed drivers,2004,4247884
Texas,Licensed drivers,2004,14543528
Utah,Licensed drivers,2004,1582599
Vermont,Licensed drivers,2004,550462
Virginia,Licensed drivers,2004,5112523
Washington,Licensed drivers,2004,4504581
West Virginia,Licensed drivers,2004,1292036
Wisconsin,Licensed drivers,2004,3910188
Wyoming,Licensed drivers,2004,380180
Alabama,Licensed drivers,2003,3598034
Alaska,Licensed drivers,2003,481487
Arizona,Licensed drivers,2003,3819425
Arkansas,Licensed drivers,2003,1998127
California,Licensed drivers,2003,22657288
Colorado,Licensed drivers,2003,2975337
Connecticut,Licensed drivers,2003,2659918
Delaware,Licensed drivers,2003,585136
District of Columbia,Licensed drivers,2003,313027
Florida,Licensed drivers,2003,12905812
Georgia,Licensed drivers,2003,5757953
Hawaii,Licensed drivers,2003,834188
Idaho,Licensed drivers,2003,921283
Illinois,Licensed drivers,2003,8054232
Indiana,Licensed drivers,2003,4536205
Iowa,Licensed drivers,2003,1977909
Kansas,Licensed drivers,2003,1987251
Kentucky,Licensed drivers,2003,2799635
Louisiana,Licensed drivers,2003,3119960
Maine,Licensed drivers,2003,932455
Maryland,Licensed drivers,2003,3552187
Massachusetts,Licensed drivers,2003,4645705
Michigan,Licensed drivers,2003,7065438
Minnesota,Licensed drivers,2003,3035553
Mississippi,Licensed drivers,2003,1885974
Missouri,Licensed drivers,2003,3965610
Montana,Licensed drivers,2003,704509
Nebraska,Licensed drivers,2003,1311332
Nevada,Licensed drivers,2003,1487899
New Hampshire,Licensed drivers,2003,967770
New Jersey,Licensed drivers,2003,5728975
New Mexico,Licensed drivers,2003,1236488
New York,Licensed drivers,2003,11356988
North Carolina,Licensed drivers,2003,6014782
North Dakota,Licensed drivers,2003,459791
Ohio,Licensed drivers,2003,7656362
Oklahoma,Licensed drivers,2003,2348449
Oregon,Licensed drivers,2003,2589764
Pennsylvania,Licensed drivers,2003,8369575
Rhode Island,Licensed drivers,2003,731323
South Carolina,Licensed drivers,2003,2918957
South Dakota,Licensed drivers,2003,554553
Tennessee,Licensed drivers,2003,4204166
Texas,Licensed drivers,2003,13498071
Utah,Licensed drivers,2003,1548456
Vermont,Licensed drivers,2003,543412
Virginia,Licensed drivers,2003,5045857
Washington,Licensed drivers,2003,4407269
West Virginia,Licensed drivers,2003,1272135
Wisconsin,Licensed drivers,2003,3765644
Wyoming,Licensed drivers,2003,378009
Alabama,Licensed drivers,2002,3577986
Alaska,Licensed drivers,2002,480295
Arizona,Licensed drivers,2002,3668326
Arkansas,Licensed drivers,2002,1965008
California,Licensed drivers,2002,22394800
Colorado,Licensed drivers,2002,3165815
Connecticut,Licensed drivers,2002,2672145
Delaware,Licensed drivers,2002,573021
District of Columbia,Licensed drivers,2002,309349
Florida,Licensed drivers,2002,12744055
Georgia,Licensed drivers,2002,6012847
Hawaii,Licensed drivers,2002,814668
Idaho,Licensed drivers,2002,907029
Illinois,Licensed drivers,2002,8033399
Indiana,Licensed drivers,2002,4221123
Iowa,Licensed drivers,2002,1992803
Kansas,Licensed drivers,2002,1935361
Kentucky,Licensed drivers,2002,2772674
Louisiana,Licensed drivers,2002,3168238
Maine,Licensed drivers,2002,948748
Maryland,Licensed drivers,2002,3523311
Massachusetts,Licensed drivers,2002,4686416
Michigan,Licensed drivers,2002,7025357
Minnesota,Licensed drivers,2002,2997058
Mississippi,Licensed drivers,2002,1861496
Missouri,Licensed drivers,2002,3931448
Montana,Licensed drivers,2002,694743
Nebraska,Licensed drivers,2002,1275206
Nevada,Licensed drivers,2002,1460903
New Hampshire,Licensed drivers,2002,954910
New Jersey,Licensed drivers,2002,5711794
New Mexico,Licensed drivers,2002,1243894
New York,Licensed drivers,2002,10913850
North Carolina,Licensed drivers,2002,5943288
North Dakota,Licensed drivers,2002,461090
Ohio,Licensed drivers,2002,7707870
Oklahoma,Licensed drivers,2002,2324442
Oregon,Licensed drivers,2002,2563529
Pennsylvania,Licensed drivers,2002,8323741
Rhode Island,Licensed drivers,2002,720550
South Carolina,Licensed drivers,2002,2918957
South Dakota,Licensed drivers,2002,546386
Tennessee,Licensed drivers,2002,4205933
Texas,Licensed drivers,2002,13184629
Utah,Licensed drivers,2002,1529934
Vermont,Licensed drivers,2002,529453
Virginia,Licensed drivers,2002,5158232
Washington,Licensed drivers,2002,4381417
West Virginia,Licensed drivers,2002,1325029
Wisconsin,Licensed drivers,2002,3529720
Wyoming,Licensed drivers,2002,303357
Alabama,Licensed drivers,2001,3559897
Alaska,Licensed drivers,2001,472211
Arizona,Licensed drivers,2001,3550367
Arkansas,Licensed drivers,2001,1961883
California,Licensed drivers,2001,21623793
Colorado,Licensed drivers,2001,3287922
Connecticut,Licensed drivers,2001,2650374
Delaware,Licensed drivers,2001,564099
District of Columbia,Licensed drivers,2001,328094
Florida,Licensed drivers,2001,12743403
Georgia,Licensed drivers,2001,5833802
Hawaii,Licensed drivers,2001,787820
Idaho,Licensed drivers,2001,896666
Illinois,Licensed drivers,2001,7809500
Indiana,Licensed drivers,2001,4116924
Iowa,Licensed drivers,2001,1978748
Kansas,Licensed drivers,2001,1871301
Kentucky,Licensed drivers,2001,2756634
Louisiana,Licensed drivers,2001,2718209
Maine,Licensed drivers,2001,942556
Maryland,Licensed drivers,2001,3451966
Massachusetts,Licensed drivers,2001,4610666
Michigan,Licensed drivers,2001,6976982
Minnesota,Licensed drivers,2001,2961236
Mississippi,Licensed drivers,2001,1859487
Missouri,Licensed drivers,2001,3862300
Montana,Licensed drivers,2001,683351
Nebraska,Licensed drivers,2001,1267284
Nevada,Licensed drivers,2001,1420714
New Hampshire,Licensed drivers,2001,941829
New Jersey,Licensed drivers,2001,5715089
New Mexico,Licensed drivers,2001,1231701
New York,Licensed drivers,2001,11014805
North Carolina,Licensed drivers,2001,5884651
North Dakota,Licensed drivers,2001,455921
Ohio,Licensed drivers,2001,7736115
Oklahoma,Licensed drivers,2001,2172394
Oregon,Licensed drivers,2001,2534464
Pennsylvania,Licensed drivers,2001,8226202
Rhode Island,Licensed drivers,2001,660435
South Carolina,Licensed drivers,2001,2849885
South Dakota,Licensed drivers,2001,544997
Tennessee,Licensed drivers,2001,4188317
Texas,Licensed drivers,2001,13045727
Utah,Licensed drivers,2001,1495887
Vermont,Licensed drivers,2001,515348
Virginia,Licensed drivers,2001,4920753
Washington,Licensed drivers,2001,4237845
West Virginia,Licensed drivers,2001,1316955
Wisconsin,Licensed drivers,2001,3667497
Wyoming,Licensed drivers,2001,370713
Alabama,Licensed drivers,2000,3521444
Alaska,Licensed drivers,2000,465256
Arizona,Licensed drivers,2000,3433995
Arkansas,Licensed drivers,2000,1947867
California,Licensed drivers,2000,21243939
Colorado,Licensed drivers,2000,3107258
Connecticut,Licensed drivers,2000,2652593
Delaware,Licensed drivers,2000,556688
District of Columbia,Licensed drivers,2000,348216
Florida,Licensed drivers,2000,12853428
Georgia,Licensed drivers,2000,5550176.176
Hawaii,Licensed drivers,2000,769383
Idaho,Licensed drivers,2000,883546
Illinois,Licensed drivers,2000,7961046
Indiana,Licensed drivers,2000,3976241
Iowa,Licensed drivers,2000,1952508
Kansas,Licensed drivers,2000,1908117
Kentucky,Licensed drivers,2000,2694469
Louisiana,Licensed drivers,2000,2759120
Maine,Licensed drivers,2000,920235
Maryland,Licensed drivers,2000,3382451
Massachusetts,Licensed drivers,2000,4489695
Michigan,Licensed drivers,2000,6925246
Minnesota,Licensed drivers,2000,2940789
Mississippi,Licensed drivers,2000,2007746
Missouri,Licensed drivers,2000,3856271
Montana,Licensed drivers,2000,678899
Nebraska,Licensed drivers,2000,1195219
Nevada,Licensed drivers,2000,1370643
New Hampshire,Licensed drivers,2000,929630
New Jersey,Licensed drivers,2000,5654973
New Mexico,Licensed drivers,2000,1239043
New York,Licensed drivers,2000,10871344
North Carolina,Licensed drivers,2000,5690494
North Dakota,Licensed drivers,2000,458944
Ohio,Licensed drivers,2000,8205524
Oklahoma,Licensed drivers,2000,2295036
Oregon,Licensed drivers,2000,2495059
Pennsylvania,Licensed drivers,2000,8229490
Rhode Island,Licensed drivers,2000,654035
South Carolina,Licensed drivers,2000,2842553
South Dakota,Licensed drivers,2000,543817
Tennessee,Licensed drivers,2000,4251228
Texas,Licensed drivers,2000,13462023
Utah,Licensed drivers,2000,1463366
Vermont,Licensed drivers,2000,506085
Virginia,Licensed drivers,2000,4836993
Washington,Licensed drivers,2000,4154501
West Virginia,Licensed drivers,2000,1347207
Wisconsin,Licensed drivers,2000,3770453.22
Wyoming,Licensed drivers,2000,370740.42
Alabama,Licensed drivers,1999,3445893
Alaska,Licensed drivers,1999,459362
Arizona,Licensed drivers,1999,3297281
Arkansas,Licensed drivers,1999,1925733
California,Licensed drivers,1999,20830674
Colorado,Licensed drivers,1999,2990673.14
Connecticut,Licensed drivers,1999,2373723
Delaware,Licensed drivers,1999,551787
District of Columbia,Licensed drivers,1999,348873
Florida,Licensed drivers,1999,12400841
Georgia,Licensed drivers,1999,5471100
Hawaii,Licensed drivers,1999,752693
Idaho,Licensed drivers,1999,872825
Illinois,Licensed drivers,1999,7925204
Indiana,Licensed drivers,1999,3856177
Iowa,Licensed drivers,1999,1935201
Kansas,Licensed drivers,1999,1892478
Kentucky,Licensed drivers,1999,2660468
Louisiana,Licensed drivers,1999,2762571
Maine,Licensed drivers,1999,911704
Maryland,Licensed drivers,1999,3194601
Massachusetts,Licensed drivers,1999,4421054
Michigan,Licensed drivers,1999,6863199
Minnesota,Licensed drivers,1999,2907027
Mississippi,Licensed drivers,1999,1788189
Missouri,Licensed drivers,1999,3839764
Montana,Licensed drivers,1999,660151
Nebraska,Licensed drivers,1999,1202517
Nevada,Licensed drivers,1999,1322014
New Hampshire,Licensed drivers,1999,918563
New Jersey,Licensed drivers,1999,5550772
New Mexico,Licensed drivers,1999,1221927.035
New York,Licensed drivers,1999,10626625
North Carolina,Licensed drivers,1999,5491228
North Dakota,Licensed drivers,1999,457890
Ohio,Licensed drivers,1999,8045787
Oklahoma,Licensed drivers,1999,2312621
Oregon,Licensed drivers,1999,2461639
Pennsylvania,Licensed drivers,1999,8478276
Rhode Island,Licensed drivers,1999,688650.32
South Carolina,Licensed drivers,1999,2810221
South Dakota,Licensed drivers,1999,543573
Tennessee,Licensed drivers,1999,4175766
Texas,Licensed drivers,1999,13359305
Utah,Licensed drivers,1999,1439534
Vermont,Licensed drivers,1999,495824
Virginia,Licensed drivers,1999,4729373
Washington,Licensed drivers,1999,4128775
West Virginia,Licensed drivers,1999,1273701
Wisconsin,Licensed drivers,1999,3733122
Wyoming,Licensed drivers,1999,363471
Alabama,Licensed drivers,1998,3434117
Alaska,Licensed drivers,1998,456891
Arizona,Licensed drivers,1998,3198276
Arkansas,Licensed drivers,1998,1918451
California,Licensed drivers,1998,20498902
Colorado,Licensed drivers,1998,2946476
Connecticut,Licensed drivers,1998,2349286
Delaware,Licensed drivers,1998,545872
District of Columbia,Licensed drivers,1998,349835
Florida,Licensed drivers,1998,12026947
Georgia,Licensed drivers,1998,5315739
Hawaii,Licensed drivers,1998,746329
Idaho,Licensed drivers,1998,862674
Illinois,Licensed drivers,1998,7700880
Indiana,Licensed drivers,1998,3976241
Iowa,Licensed drivers,1998,1950374
Kansas,Licensed drivers,1998,1851449
Kentucky,Licensed drivers,1998,2640335
Louisiana,Licensed drivers,1998,2736305
Maine,Licensed drivers,1998,912506
Maryland,Licensed drivers,1998,3177783
Massachusetts,Licensed drivers,1998,4394355
Michigan,Licensed drivers,1998,6802704
Minnesota,Licensed drivers,1998,2868002
Mississippi,Licensed drivers,1998,1758293
Missouri,Licensed drivers,1998,3798096
Montana,Licensed drivers,1998,646512
Nebraska,Licensed drivers,1998,1185794
Nevada,Licensed drivers,1998,1245905
New Hampshire,Licensed drivers,1998,907479
New Jersey,Licensed drivers,1998,5563492
New Mexico,Licensed drivers,1998,1203869
New York,Licensed drivers,1998,10554098
North Carolina,Licensed drivers,1998,5534284
North Dakota,Licensed drivers,1998,454933
Ohio,Licensed drivers,1998,7941479
Oklahoma,Licensed drivers,1998,2305361
Oregon,Licensed drivers,1998,2417002
Pennsylvania,Licensed drivers,1998,8404689
Rhode Island,Licensed drivers,1998,681832
South Carolina,Licensed drivers,1998,2679131
South Dakota,Licensed drivers,1998,535339
Tennessee,Licensed drivers,1998,4072836
Texas,Licensed drivers,1998,13322911
Utah,Licensed drivers,1998,1393242
Vermont,Licensed drivers,1998,497172
Virginia,Licensed drivers,1998,4787150
Washington,Licensed drivers,1998,4078895
West Virginia,Licensed drivers,1998,1280539
Wisconsin,Licensed drivers,1998,3709957
Wyoming,Licensed drivers,1998,359158
Alabama,Licensed drivers,1997,3387123
Alaska,Licensed drivers,1997,446247
Arizona,Licensed drivers,1997,3119537
Arkansas,Licensed drivers,1997,1878618
California,Licensed drivers,1997,20385245
Colorado,Licensed drivers,1997,2836339.48
Connecticut,Licensed drivers,1997,2270228
Delaware,Licensed drivers,1997,535712
District of Columbia,Licensed drivers,1997,356181
Florida,Licensed drivers,1997,11749244
Georgia,Licensed drivers,1997,5063191.786
Hawaii,Licensed drivers,1997,738865
Idaho,Licensed drivers,1997,843891
Illinois,Licensed drivers,1997,7691750
Indiana,Licensed drivers,1997,3923614
Iowa,Licensed drivers,1997,1952935
Kansas,Licensed drivers,1997,1824944
Kentucky,Licensed drivers,1997,2574662
Louisiana,Licensed drivers,1997,2677845
Maine,Licensed drivers,1997,900843.8378
Maryland,Licensed drivers,1997,3346622
Massachusetts,Licensed drivers,1997,4393429
Michigan,Licensed drivers,1997,6751267
Minnesota,Licensed drivers,1997,2839291
Mississippi,Licensed drivers,1997,1722513
Missouri,Licensed drivers,1997,3744320
Montana,Licensed drivers,1997,662418
Nebraska,Licensed drivers,1997,1178880
Nevada,Licensed drivers,1997,1186097
New Hampshire,Licensed drivers,1997,883064
New Jersey,Licensed drivers,1997,5576064
New Mexico,Licensed drivers,1997,1194284
New York,Licensed drivers,1997,10529855
North Carolina,Licensed drivers,1997,5399301
North Dakota,Licensed drivers,1997,452163
Ohio,Licensed drivers,1997,8185824
Oklahoma,Licensed drivers,1997,2278757
Oregon,Licensed drivers,1997,2276532.9
Pennsylvania,Licensed drivers,1997,8317715
Rhode Island,Licensed drivers,1997,680107
South Carolina,Licensed drivers,1997,2613102
South Dakota,Licensed drivers,1997,524182
Tennessee,Licensed drivers,1997,3929026
Texas,Licensed drivers,1997,12833603
Utah,Licensed drivers,1997,1357064
Vermont,Licensed drivers,1997,475389
Virginia,Licensed drivers,1997,4901088
Washington,Licensed drivers,1997,4009833
West Virginia,Licensed drivers,1997,1285158
Wisconsin,Licensed drivers,1997,3672469
Wyoming,Licensed drivers,1997,352770
Alabama,Licensed drivers,1996,3138237
Alaska,Licensed drivers,1996,439855
Arizona,Licensed drivers,1996,2727312
Arkansas,Licensed drivers,1996,1752229
California,Licensed drivers,1996,20249200
Colorado,Licensed drivers,1996,2756807
Connecticut,Licensed drivers,1996,2343779
Delaware,Licensed drivers,1996,529291
District of Columbia,Licensed drivers,1996,333445
Florida,Licensed drivers,1996,11399593
Georgia,Licensed drivers,1996,4966348
Hawaii,Licensed drivers,1996,733486
Idaho,Licensed drivers,1996,819713
Illinois,Licensed drivers,1996,7609618
Indiana,Licensed drivers,1996,3704156
Iowa,Licensed drivers,1996,1955601
Kansas,Licensed drivers,1996,1788259
Kentucky,Licensed drivers,1996,2566545
Louisiana,Licensed drivers,1996,2624131
Maine,Licensed drivers,1996,873713
Maryland,Licensed drivers,1996,3377470
Massachusetts,Licensed drivers,1996,4355014
Michigan,Licensed drivers,1996,6716789
Minnesota,Licensed drivers,1996,2830232
Mississippi,Licensed drivers,1996,1700132
Missouri,Licensed drivers,1996,3749348
Montana,Licensed drivers,1996,573754
Nebraska,Licensed drivers,1996,1159831
Nevada,Licensed drivers,1996,1116795
New Hampshire,Licensed drivers,1996,915451
New Jersey,Licensed drivers,1996,5485980
New Mexico,Licensed drivers,1996,1179256
New York,Licensed drivers,1996,10483665
North Carolina,Licensed drivers,1996,5187288
North Dakota,Licensed drivers,1996,449225
Ohio,Licensed drivers,1996,7852548
Oklahoma,Licensed drivers,1996,2395825
Oregon,Licensed drivers,1996,2612659
Pennsylvania,Licensed drivers,1996,8221143
Rhode Island,Licensed drivers,1996,668940
South Carolina,Licensed drivers,1996,2574575
South Dakota,Licensed drivers,1996,518592
Tennessee,Licensed drivers,1996,3805600
Texas,Licensed drivers,1996,12568265
Utah,Licensed drivers,1996,1319263
Vermont,Licensed drivers,1996,468863
Virginia,Licensed drivers,1996,4692071
Washington,Licensed drivers,1996,3908217
West Virginia,Licensed drivers,1996,1274453
Wisconsin,Licensed drivers,1996,3723685
Wyoming,Licensed drivers,1996,343093
Alabama,Licensed drivers,1995,3456100
Alaska,Licensed drivers,1995,434389
Arizona,Licensed drivers,1995,2626222
Arkansas,Licensed drivers,1995,1769012
California,Licensed drivers,1995,20139586
Colorado,Licensed drivers,1995,2727570
Connecticut,Licensed drivers,1995,2349051
Delaware,Licensed drivers,1995,524992
District of Columbia,Licensed drivers,1995,338549
Florida,Licensed drivers,1995,11024064
Georgia,Licensed drivers,1995,4840495
Hawaii,Licensed drivers,1995,732508
Idaho,Licensed drivers,1995,805911
Illinois,Licensed drivers,1995,7210972
Indiana,Licensed drivers,1995,3706182
Iowa,Licensed drivers,1995,1905450
Kansas,Licensed drivers,1995,1770786
Kentucky,Licensed drivers,1995,2535463
Louisiana,Licensed drivers,1995,2593509
Maine,Licensed drivers,1995,864447
Maryland,Licensed drivers,1995,3344125
Massachusetts,Licensed drivers,1995,4211029
Michigan,Licensed drivers,1995,6658750
Minnesota,Licensed drivers,1995,2761121
Mississippi,Licensed drivers,1995,1693159
Missouri,Licensed drivers,1995,3587086
Montana,Licensed drivers,1995,573749
Nebraska,Licensed drivers,1995,1151764
Nevada,Licensed drivers,1995,1044609
New Hampshire,Licensed drivers,1995,901104
New Jersey,Licensed drivers,1995,5403671
New Mexico,Licensed drivers,1995,1173442
New York,Licensed drivers,1995,10473731
North Carolina,Licensed drivers,1995,5028421
North Dakota,Licensed drivers,1995,448781
Ohio,Licensed drivers,1995,7772757
Oklahoma,Licensed drivers,1995,2155558
Oregon,Licensed drivers,1995,2541873
Pennsylvania,Licensed drivers,1995,8154055
Rhode Island,Licensed drivers,1995,670360
South Carolina,Licensed drivers,1995,2542139
South Dakota,Licensed drivers,1995,515869
Tennessee,Licensed drivers,1995,3739043
Texas,Licensed drivers,1995,12369243
Utah,Licensed drivers,1995,1255460
Vermont,Licensed drivers,1995,455606
Virginia,Licensed drivers,1995,4628886
Washington,Licensed drivers,1995,3765376
West Virginia,Licensed drivers,1995,1304539
Wisconsin,Licensed drivers,1995,3601619
Wyoming,Licensed drivers,1995,346299
Alabama,Licensed drivers,1994,2860724
Alaska,Licensed drivers,1994,435677
Arizona,Licensed drivers,1994,2849304
Arkansas,Licensed drivers,1994,1768394
California,Licensed drivers,1994,20156177
Colorado,Licensed drivers,1994,2732682
Connecticut,Licensed drivers,1994,2318543
Delaware,Licensed drivers,1994,513406
District of Columbia,Licensed drivers,1994,361854
Florida,Licensed drivers,1994,11005438
Georgia,Licensed drivers,1994,4816618
Hawaii,Licensed drivers,1994,745392
Idaho,Licensed drivers,1994,800513
Illinois,Licensed drivers,1994,7502201
Indiana,Licensed drivers,1994,3860329
Iowa,Licensed drivers,1994,1896518
Kansas,Licensed drivers,1994,1771566
Kentucky,Licensed drivers,1994,2516408
Louisiana,Licensed drivers,1994,2594615
Maine,Licensed drivers,1994,913597
Maryland,Licensed drivers,1994,3308006
Massachusetts,Licensed drivers,1994,4471529
Michigan,Licensed drivers,1994,6601924
Minnesota,Licensed drivers,1994,2705701
Mississippi,Licensed drivers,1994,1671690
Missouri,Licensed drivers,1994,3382046
Montana,Licensed drivers,1994,525780
Nebraska,Licensed drivers,1994,1146447
Nevada,Licensed drivers,1994,1007191
New Hampshire,Licensed drivers,1994,877471
New Jersey,Licensed drivers,1994,5433383
New Mexico,Licensed drivers,1994,1167462
New York,Licensed drivers,1994,10376615
North Carolina,Licensed drivers,1994,4840104
North Dakota,Licensed drivers,1994,439330
Ohio,Licensed drivers,1994,7142173
Oklahoma,Licensed drivers,1994,2343555
Oregon,Licensed drivers,1994,2542681
Pennsylvania,Licensed drivers,1994,8115074
Rhode Island,Licensed drivers,1994,688399.02
South Carolina,Licensed drivers,1994,2492019
South Dakota,Licensed drivers,1994,508076
Tennessee,Licensed drivers,1994,3825671
Texas,Licensed drivers,1994,12109960
Utah,Licensed drivers,1994,1245205
Vermont,Licensed drivers,1994,445576
Virginia,Licensed drivers,1994,4601235
Washington,Licensed drivers,1994,3775019
West Virginia,Licensed drivers,1994,1298478
Wisconsin,Licensed drivers,1994,3554003
Wyoming,Licensed drivers,1994,341706
Alabama,Licensed drivers,1993,3008575
Alaska,Licensed drivers,1993,437696
Arizona,Licensed drivers,1993,2623680
Arkansas,Licensed drivers,1993,1750765
California,Licensed drivers,1993,20123481
Colorado,Licensed drivers,1993,2591011
Connecticut,Licensed drivers,1993,2180314
Delaware,Licensed drivers,1993,506274
District of Columbia,Licensed drivers,1993,361068
Florida,Licensed drivers,1993,10762041
Georgia,Licensed drivers,1993,4613295
Hawaii,Licensed drivers,1993,734381
Idaho,Licensed drivers,1993,770403
Illinois,Licensed drivers,1993,7462158
Indiana,Licensed drivers,1993,3790781
Iowa,Licensed drivers,1993,1899430
Kansas,Licensed drivers,1993,1774036
Kentucky,Licensed drivers,1993,2468992
Louisiana,Licensed drivers,1993,2576701
Maine,Licensed drivers,1993,905533
Maryland,Licensed drivers,1993,3274392
Massachusetts,Licensed drivers,1993,4161137
Michigan,Licensed drivers,1993,6527401
Minnesota,Licensed drivers,1993,2637458
Mississippi,Licensed drivers,1993,1640301
Missouri,Licensed drivers,1993,3472140
Montana,Licensed drivers,1993,530744
Nebraska,Licensed drivers,1993,1141134
Nevada,Licensed drivers,1993,976214
New Hampshire,Licensed drivers,1993,868560
New Jersey,Licensed drivers,1993,5458841
New Mexico,Licensed drivers,1993,1148230
New York,Licensed drivers,1993,10326635
North Carolina,Licensed drivers,1993,4724661
North Dakota,Licensed drivers,1993,437942
Ohio,Licensed drivers,1993,7634742
Oklahoma,Licensed drivers,1993,2336410
Oregon,Licensed drivers,1993,2373138
Pennsylvania,Licensed drivers,1993,8054636
Rhode Island,Licensed drivers,1993,674901
South Carolina,Licensed drivers,1993,2430511
South Dakota,Licensed drivers,1993,506558
Tennessee,Licensed drivers,1993,3542531
Texas,Licensed drivers,1993,11876268
Utah,Licensed drivers,1993,1189593
Vermont,Licensed drivers,1993,430538
Virginia,Licensed drivers,1993,4579666
Washington,Licensed drivers,1993,3698920
West Virginia,Licensed drivers,1993,1302081
Wisconsin,Licensed drivers,1993,3502341
Wyoming,Licensed drivers,1993,350074
Alabama,Licensed drivers,1992,2977311
Alaska,Licensed drivers,1992,405100
Arizona,Licensed drivers,1992,2505887
Arkansas,Licensed drivers,1992,1712225
California,Licensed drivers,1992,20110665
Colorado,Licensed drivers,1992,2392276
Connecticut,Licensed drivers,1992,2357607
Delaware,Licensed drivers,1992,501397
District of Columbia,Licensed drivers,1992,351675
Florida,Licensed drivers,1992,10537677
Georgia,Licensed drivers,1992,4599515
Hawaii,Licensed drivers,1992,716545
Idaho,Licensed drivers,1992,720974
Illinois,Licensed drivers,1992,7410693
Indiana,Licensed drivers,1992,3800436
Iowa,Licensed drivers,1992,1858605
Kansas,Licensed drivers,1992,1691883
Kentucky,Licensed drivers,1992,2457118
Louisiana,Licensed drivers,1992,2616830
Maine,Licensed drivers,1992,917944
Maryland,Licensed drivers,1992,3233818
Massachusetts,Licensed drivers,1992,4170038
Michigan,Licensed drivers,1992,6480686
Minnesota,Licensed drivers,1992,2625071
Mississippi,Licensed drivers,1992,1628169
Missouri,Licensed drivers,1992,3454414
Montana,Licensed drivers,1992,597037
Nebraska,Licensed drivers,1992,1128888
Nevada,Licensed drivers,1992,957421
New Hampshire,Licensed drivers,1992,850136
New Jersey,Licensed drivers,1992,5285107
New Mexico,Licensed drivers,1992,1126193
New York,Licensed drivers,1992,10359792
North Carolina,Licensed drivers,1992,4655434
North Dakota,Licensed drivers,1992,433117
Ohio,Licensed drivers,1992,9168860
Oklahoma,Licensed drivers,1992,2286983
Oregon,Licensed drivers,1992,2425710
Pennsylvania,Licensed drivers,1992,8018519
Rhode Island,Licensed drivers,1992,685201
South Carolina,Licensed drivers,1992,2399902
South Dakota,Licensed drivers,1992,498106
Tennessee,Licensed drivers,1992,3486025
Texas,Licensed drivers,1992,11437571
Utah,Licensed drivers,1992,1143000
Vermont,Licensed drivers,1992,423489
Virginia,Licensed drivers,1992,4697006
Washington,Licensed drivers,1992,3627434
West Virginia,Licensed drivers,1992,1314244
Wisconsin,Licensed drivers,1992,3542702
Wyoming,Licensed drivers,1992,342960
Alabama,Licensed drivers,1991,2937981
Alaska,Licensed drivers,1991,318000
Arizona,Licensed drivers,1991,2400002
Arkansas,Licensed drivers,1991,1720270
California,Licensed drivers,1991,19930785
Colorado,Licensed drivers,1991,2083864
Connecticut,Licensed drivers,1991,2212725
Delaware,Licensed drivers,1991,495281
District of Columbia,Licensed drivers,1991,406270
Florida,Licensed drivers,1991,9692974
Georgia,Licensed drivers,1991,4610271
Hawaii,Licensed drivers,1991,699664
Idaho,Licensed drivers,1991,711662
Illinois,Licensed drivers,1991,7359537
Indiana,Licensed drivers,1991,3453186
Iowa,Licensed drivers,1991,1856650
Kansas,Licensed drivers,1991,1780520
Kentucky,Licensed drivers,1991,2413670
Louisiana,Licensed drivers,1991,2594762
Maine,Licensed drivers,1991,888963
Maryland,Licensed drivers,1991,3213900
Massachusetts,Licensed drivers,1991,4205850
Michigan,Licensed drivers,1991,6433993
Minnesota,Licensed drivers,1991,2545936
Mississippi,Licensed drivers,1991,1924696
Missouri,Licensed drivers,1991,3732342
Montana,Licensed drivers,1991,580313
Nebraska,Licensed drivers,1991,1068695
Nevada,Licensed drivers,1991,908684
New Hampshire,Licensed drivers,1991,847564
New Jersey,Licensed drivers,1991,5659994
New Mexico,Licensed drivers,1991,1081437
New York,Licensed drivers,1991,10266741
North Carolina,Licensed drivers,1991,4547443
North Dakota,Licensed drivers,1991,425935
Ohio,Licensed drivers,1991,7470352
Oklahoma,Licensed drivers,1991,2283068
Oregon,Licensed drivers,1991,2373660
Pennsylvania,Licensed drivers,1991,7950559
Rhode Island,Licensed drivers,1991,676228
South Carolina,Licensed drivers,1991,2401642
South Dakota,Licensed drivers,1991,500564
Tennessee,Licensed drivers,1991,3393127
Texas,Licensed drivers,1991,11293184
Utah,Licensed drivers,1991,1067030
Vermont,Licensed drivers,1991,412369
Virginia,Licensed drivers,1991,4651070
Washington,Licensed drivers,1991,3490585
West Virginia,Licensed drivers,1991,1285627
Wisconsin,Licensed drivers,1991,3394428
Wyoming,Licensed drivers,1991,341023
Alabama,Licensed drivers,1990,2752590
Alaska,Licensed drivers,1990,314300
Arizona,Licensed drivers,1990,2392618
Arkansas,Licensed drivers,1990,1722021
California,Licensed drivers,1990,19845906
Colorado,Licensed drivers,1990,2043003
Connecticut,Licensed drivers,1990,2214146
Delaware,Licensed drivers,1990,484801
District of Columbia,Licensed drivers,1990,412312
Florida,Licensed drivers,1990,9231405
Georgia,Licensed drivers,1990,4478260
Hawaii,Licensed drivers,1990,677626
Idaho,Licensed drivers,1990,704184
Illinois,Licensed drivers,1990,7294732
Indiana,Licensed drivers,1990,3601354
Iowa,Licensed drivers,1990,1872486
Kansas,Licensed drivers,1990,1714507
Kentucky,Licensed drivers,1990,2401661
Louisiana,Licensed drivers,1990,2575460
Maine,Licensed drivers,1990,887042
Maryland,Licensed drivers,1990,3361936
Massachusetts,Licensed drivers,1990,4229311
Michigan,Licensed drivers,1990,6440390
Minnesota,Licensed drivers,1990,2528941
Mississippi,Licensed drivers,1990,1884544
Missouri,Licensed drivers,1990,3688081
Montana,Licensed drivers,1990,603614.38
Nebraska,Licensed drivers,1990,1088677
Nevada,Licensed drivers,1990,846410
New Hampshire,Licensed drivers,1990,843470
New Jersey,Licensed drivers,1990,5584727
New Mexico,Licensed drivers,1990,1073816
New York,Licensed drivers,1990,10254229
North Carolina,Licensed drivers,1990,4550644
North Dakota,Licensed drivers,1990,424898
Ohio,Licensed drivers,1990,7427409
Oklahoma,Licensed drivers,1990,2277540
Oregon,Licensed drivers,1990,2211550.54
Pennsylvania,Licensed drivers,1990,7899052
Rhode Island,Licensed drivers,1990,670651
South Carolina,Licensed drivers,1990,2372825
South Dakota,Licensed drivers,1990,492378
Tennessee,Licensed drivers,1990,3334425
Texas,Licensed drivers,1990,11136694
Utah,Licensed drivers,1990,1046106
Vermont,Licensed drivers,1990,411920
Virginia,Licensed drivers,1990,4388805
Washington,Licensed drivers,1990,3376671
West Virginia,Licensed drivers,1990,1283703
Wisconsin,Licensed drivers,1990,3327872
Wyoming,Licensed drivers,1990,333546
